{"total_saved_albums": 116337, "total_listened_albums": 11822, "pct_listened_albums": 0.10161857362661922, "total_removed_albums": 9508, "pct_removed_albums": 0.80426323803079, "total_kept_albums": 2314, "pct_kept_albums": 0.19573676196920994, "last_listened_to_index": 11821, "monthly_history": {}}