{
	"total_saved_albums": 113115,
	"total_listened_albums": 10572,
	"pct_listened_albums": 0.09346240551650975,
	"total_removed_albums": 8389,
	"pct_removed_albums": 0.7935111615588346,
	"total_kept_albums": 2183,
	"pct_kept_albums": 0.20648883844116533,
	"last_listened_to_index": 10571,
	"monthly_history": {}
}
