{
	"total_saved_albums": 115105,
	"total_listened_albums": 11072,
	"pct_listened_albums": 0.09619043482038139,
	"total_removed_albums": 8849,
	"pct_removed_albums": 0.7992232658959537,
	"total_kept_albums": 2223,
	"pct_kept_albums": 0.20077673410404626,
	"last_listened_to_index": 11071,
	"monthly_history": {}
}
