{"total_saved_albums": 112177, "total_listened_albums": 10072, "pct_listened_albums": 0.08978667641316848, "total_removed_albums": 7931, "pct_removed_albums": 0.7874305003971406, "total_kept_albums": 2141, "pct_kept_albums": 0.21256949960285942, "last_listened_to_index": 10071, "monthly_history": {}}