{"total_saved_albums": 100709, "total_listened_albums": 7291, "pct_listened_albums": 0.07239670734492448, "total_removed_albums": 5496, "pct_removed_albums": 0.7538060622685503, "total_kept_albums": 1795, "pct_kept_albums": 0.24619393773144974, "last_listened_to_index": 7290, "monthly_history": {}}