{
    "total_saved_albums": 100918,
    "total_listened_albums": 6166,
    "pct_listened_albums": 0.06109911016865178,
    "total_removed_albums": 4548,
    "pct_removed_albums": 0.7375932533246837,
    "total_kept_albums": 1618,
    "pct_kept_albums": 0.26240674667531627,
    "last_listened_to_index": 6165,
    "monthly_history": {}
}
