{
    "total_saved_albums": 98863,
    "total_listened_albums": 6791,
    "pct_listened_albums": 0.06869101686171773,
    "total_removed_albums": 5055,
    "pct_removed_albums": 0.7443675452805183,
    "total_kept_albums": 1736,
    "pct_kept_albums": 0.25563245471948165,
    "last_listened_to_index": 6790,
    "monthly_history": {}
}
