{"total_saved_albums": 103595, "total_listened_albums": 7541, "pct_listened_albums": 0.07279308846952073, "total_removed_albums": 5713, "pct_removed_albums": 0.7575918313221058, "total_kept_albums": 1828, "pct_kept_albums": 0.24240816867789416, "last_listened_to_index": 7540, "monthly_history": {}}