{
    "total_saved_albums": 83777,
    "total_listened_albums": 5049,
    "pct_listened_albums": 0.060267137758573355,
    "total_removed_albums": 3686,
    "pct_removed_albums": 0.7300455535749654,
    "total_kept_albums": 1363,
    "pct_kept_albums": 0.26995444642503463,
    "last_listened_to_index": 5048,
    "monthly_history": {}
}
