{"total_saved_albums": 111291, "total_listened_albums": 9791, "pct_listened_albums": 0.08797656593974355, "total_removed_albums": 7693, "pct_removed_albums": 0.7857215810438157, "total_kept_albums": 2098, "pct_kept_albums": 0.21427841895618424, "last_listened_to_index": 9790, "monthly_history": {}}