{"total_saved_albums": 80636, "total_listened_albums": 4799, "pct_listened_albums": 0.059514360831390445, "total_removed_albums": 3541, "pct_removed_albums": 0.7378620545947072, "total_kept_albums": 1258, "pct_kept_albums": 0.2621379454052928, "last_listened_to_index": 4798, "monthly_history": {}}