{"total_saved_albums": 99377, "total_listened_albums": 5924, "pct_listened_albums": 0.05961137889048774, "total_removed_albums": 4357, "pct_removed_albums": 0.7354827819041189, "total_kept_albums": 1567, "pct_kept_albums": 0.26451721809588113, "last_listened_to_index": 5923, "monthly_history": {}}