{
    "total_saved_albums": 98800,
    "total_listened_albums": 6541,
    "pct_listened_albums": 0.06620445344129555,
    "total_removed_albums": 4849,
    "pct_removed_albums": 0.7413239565815625,
    "total_kept_albums": 1692,
    "pct_kept_albums": 0.25867604341843753,
    "last_listened_to_index": 6540,
    "monthly_history": {}
}
