{
	"total_saved_albums": 112419,
	"total_listened_albums": 10322,
	"pct_listened_albums": 0.09181721950915771,
	"total_removed_albums": 8160,
	"pct_removed_albums": 0.7905444681263321,
	"total_kept_albums": 2162,
	"pct_kept_albums": 0.2094555318736679,
	"last_listened_to_index": 10321,
	"monthly_history": {}
}
